site,slope_wbx,slope_nhd,slope_deg,slope_mm
CBP,0.037,0.00980557,0.22199891992451729,0.00387463147802864
NHC,0.022,0.00443447,0.13199977295106963,0.00230383472585434
PM,0.042,0.00980557,0.25199842022331853,0.00439823050281498
UNHC,0.018,0.00252147,0.10799987564324472,0.00188495565416643
WB,0.038,0.00223296,0.2279988299632167,0.00397935127800959
WBP,0.021,0.00223296,0.12599980252622767,0.00219911495598649
